<?xml version="1.0" encoding="utf-8"?>
<!--/14256051/1010211/2.49/6/3/Power Supply/-->
<quadcept_library>
  <setting unit="mil" />
  <textstyle name="Default" height="47.244094488189" strokewidth="7.8740157480315" charwidth="47.244094488189" />
  <textstyle name="Dimension" height="19.6850393700787" strokewidth="0" charwidth="19.6850393700787" />
  <textstyle name="H127W0635TH00762" height="50" strokewidth="3" charwidth="25" />
  <textstyle name="H15W15TH02" height="59.0551181102362" strokewidth="7.8740157480315" charwidth="59.0551181102362" />
  <padstyle name="c130.3_h76" surface="False" plated="True" isvia="False" nopaste="True" nomask="True" complex="False" holesize="29.921259842519">
    <padshape layer="TOP" shape="round" width="51.299212598425" height="51.299212598425" />
    <padshape layer="TOP_SOLDER_MASK" shape="round" width="59.173228346456" height="59.173228346456" />
    <padshape layer="INNER" shape="round" width="51.299212598425" height="51.299212598425" />
    <padshape layer="BOTTOM" shape="round" width="51.299212598425" height="51.299212598425" />
    <padshape layer="BOTTOM_SOLDER_MASK" shape="round" width="59.173228346456" height="59.173228346456" />
  </padstyle>
  <padstyle name="c195_h130" surface="False" plated="True" isvia="False" nopaste="True" nomask="True" complex="False" holesize="51.181102362204">
    <padshape layer="TOP" shape="round" width="76.771653543306" height="76.771653543306" />
    <padshape layer="TOP_SOLDER_MASK" shape="round" width="84.645669291338" height="84.645669291338" />
    <padshape layer="INNER" shape="round" width="76.771653543306" height="76.771653543306" />
    <padshape layer="BOTTOM" shape="round" width="76.771653543306" height="76.771653543306" />
    <padshape layer="BOTTOM_SOLDER_MASK" shape="round" width="84.645669291338" height="84.645669291338" />
  </padstyle>
  <footprint name="HX10PSP2" originx="0" originy="0" pickpointx="0" pickpointy="0">
    <pcbpin number="1" name="1" style="c130.3_h76" originx="0" originy="0" rotation="90" />
    <pcbpin number="2" name="2" style="c130.3_h76" originx="0" originy="-99.999999999999" rotation="90" />
    <pcbpin number="3" name="3" style="c130.3_h76" originx="0" originy="-200" rotation="90" />
    <pcbpin number="4" name="4" style="c130.3_h76" originx="0" originy="-300" rotation="90" />
    <pcbpin number="5" name="5" style="c195_h130" originx="427.1653543307" originy="-31.889763779527" rotation="90" />
    <pcbpin number="6" name="6" style="c195_h130" originx="427.1653543307" originy="-268.11023622047" rotation="90" />
    <line layer="TOP_ASSEMBLY" originx="-118.11023622047" originy="153.14960629921" endx="629.92125984251" endy="153.14960629921" width="3.9370078740157" />
    <line layer="TOP_ASSEMBLY" originx="629.92125984251" originy="153.14960629921" endx="629.92125984251" endy="-453.14960629921" width="3.9370078740157" />
    <line layer="TOP_ASSEMBLY" originx="629.92125984251" originy="-453.14960629921" endx="-118.11023622047" endy="-453.14960629921" width="3.9370078740157" />
    <line layer="TOP_ASSEMBLY" originx="-118.11023622047" originy="-453.14960629921" endx="-118.11023622047" endy="153.14960629921" width="3.9370078740157" />
    <line layer="TOP_SILKSCREEN" originx="-118.11023622047" originy="153.14960629921" endx="629.92125984251" endy="153.14960629921" width="7.8740157480314" />
    <line layer="TOP_SILKSCREEN" originx="629.92125984251" originy="153.14960629921" endx="629.92125984251" endy="-453.14960629921" width="7.8740157480314" />
    <line layer="TOP_SILKSCREEN" originx="629.92125984251" originy="-453.14960629921" endx="-118.11023622047" endy="-453.14960629921" width="7.8740157480314" />
    <line layer="TOP_SILKSCREEN" originx="-118.11023622047" originy="-453.14960629921" endx="-118.11023622047" endy="153.14960629921" width="7.8740157480314" />
    <line layer="TOP_PLACE_BOUND" originx="-157.48031496063" originy="-492.51968503936" endx="669.29133858267" endy="-492.51968503936" width="3.9370078740157" />
    <line layer="TOP_PLACE_BOUND" originx="669.29133858267" originy="-492.51968503936" endx="669.29133858267" endy="192.51968503937" width="3.9370078740157" />
    <line layer="TOP_PLACE_BOUND" originx="669.29133858267" originy="192.51968503937" endx="-157.48031496063" endy="192.51968503937" width="3.9370078740157" />
    <line layer="TOP_PLACE_BOUND" originx="-157.48031496063" originy="192.51968503937" endx="-157.48031496063" endy="-492.51968503936" width="3.9370078740157" />
    <line layer="TOP_SILKSCREEN" originx="-145.66929133858" originy="0" endx="-145.66929133858" endy="0" width="7.8740157480314" />
    <arc layer="TOP_SILKSCREEN" originx="-147.63779527559" originy="0" startangle="180.0" sweepangle="180.0" radius="-1.9685039370079" width="7.8740157480314" />
    <line layer="TOP_SILKSCREEN" originx="-141.73228346457" originy="0" endx="-141.73228346457" endy="0" width="7.8740157480314" />
    <arc layer="TOP_SILKSCREEN" originx="-147.63779527559" originy="0" startangle=".0" sweepangle="180.0" radius="-1.9685039370079" width="7.8740157480314" />
    <line layer="TOP_SILKSCREEN" originx="-145.66929133858" originy="0" endx="-145.66929133858" endy="0" width="7.8740157480314" />
    <arc layer="TOP_SILKSCREEN" originx="-147.63779527559" originy="0" startangle="180.0" sweepangle="180.0" radius="-1.9685039370079" width="7.8740157480314" />
  </footprint>
  <symbol name="HX10-P_SP2" originx="0" originy="0">
    <line originx="200" originy="100" endx="2300" endy="100" width="0" />
    <line originx="2300" originy="-400" endx="2300" endy="100" width="0" />
    <line originx="2300" originy="-400" endx="200" endy="-400" width="0" />
    <line originx="200" originy="100" endx="200" endy="-400" width="0" />
    <sympin number="1" originx="200" originy="0" rotation="180" length="100" width="7.8740157480315" flipped="False">
      <text name="pinname" originx="230" originy="0" style="Default" rotation="0" justify="left" flipped="False" hidden="False" data="0V_1" />
      <text name="pindes" originx="140" originy="20" style="Default" rotation="0" justify="lowerright" flipped="False" hidden="False" data="1" />
    </sympin>
    <sympin number="2" originx="200" originy="-100" rotation="180" length="100" width="7.8740157480315" flipped="False">
      <text name="pinname" originx="230" originy="-100" style="Default" rotation="0" justify="left" flipped="False" hidden="False" data="0V_2" />
      <text name="pindes" originx="140" originy="-80" style="Default" rotation="0" justify="lowerright" flipped="False" hidden="False" data="2" />
    </sympin>
    <sympin number="3" originx="200" originy="-200" rotation="180" length="100" width="7.8740157480315" flipped="False">
      <text name="pinname" originx="230" originy="-200" style="Default" rotation="0" justify="left" flipped="False" hidden="False" data="+12V_TO_+15V" />
      <text name="pindes" originx="140" originy="-180" style="Default" rotation="0" justify="lowerright" flipped="False" hidden="False" data="3" />
    </sympin>
    <sympin number="4" originx="200" originy="-300" rotation="180" length="100" width="7.8740157480315" flipped="False">
      <text name="pinname" originx="230" originy="-300" style="Default" rotation="0" justify="left" flipped="False" hidden="False" data="OUTPUT" />
      <text name="pindes" originx="140" originy="-280" style="Default" rotation="0" justify="lowerright" flipped="False" hidden="False" data="4" />
    </sympin>
    <sympin number="5" originx="2300" originy="0" rotation="0" length="100" width="7.8740157480315" flipped="False">
      <text name="pinname" originx="2270" originy="0" style="Default" rotation="0" justify="right" flipped="False" hidden="False" data="PRIMARY_INPUT_CURRENT(+)" />
      <text name="pindes" originx="2360" originy="20" style="Default" rotation="0" justify="lowerleft" flipped="False" hidden="False" data="5" />
    </sympin>
    <sympin number="6" originx="2300" originy="-100" rotation="0" length="100" width="7.8740157480315" flipped="False">
      <text name="pinname" originx="2270" originy="-100" style="Default" rotation="0" justify="right" flipped="False" hidden="False" data="PRIMARY_INPUT_CURRENT(-)" />
      <text name="pindes" originx="2360" originy="-80" style="Default" rotation="0" justify="lowerleft" flipped="False" hidden="False" data="6" />
    </sympin>
  </symbol>
  <component name="HX10-P_SP2" designatorprefix="PS" height="787.40157480314" footprint="HX10PSP2">
    <comppin designator="1" sympin="1" pinswap="0" gateswap="0" gate="1" group="1" side="" type="Any" name="0V_1" />
    <comppin designator="2" sympin="2" pinswap="0" gateswap="0" gate="1" group="1" side="" type="Any" name="0V_2" />
    <comppin designator="3" sympin="3" pinswap="0" gateswap="0" gate="1" group="1" side="" type="Any" name="+12V_TO_+15V" />
    <comppin designator="4" sympin="4" pinswap="0" gateswap="0" gate="1" group="1" side="" type="Any" name="OUTPUT" />
    <comppin designator="5" sympin="5" pinswap="0" gateswap="0" gate="1" group="1" side="" type="Any" name="PRIMARY_INPUT_CURRENT(+)" />
    <comppin designator="6" sympin="6" pinswap="0" gateswap="0" gate="1" group="1" side="" type="Any" name="PRIMARY_INPUT_CURRENT(-)" />
    <attached_symbol gate="1" name="HX10-P_SP2" />
    <pinmap designator="1" footprintpin="1" />
    <pinmap designator="2" footprintpin="2" />
    <pinmap designator="3" footprintpin="3" />
    <pinmap designator="4" footprintpin="4" />
    <pinmap designator="5" footprintpin="5" />
    <pinmap designator="6" footprintpin="6" />
    <text name="Datasheet" originx="0" originy="0" style="Default" rotation="0" justify="" flipped="False" hidden="True" data="https://datasheet.datasheetarchive.com/originals/distributors/Datasheets-16/DSA-314810.pdf" />
    <text name="Description" originx="0" originy="0" style="Default" rotation="0" justify="" flipped="False" hidden="True" data="10 ARMS nominal. Single power supply: +12...15 V, Voltage output: +/-0.625+2.5V @ +/- Ipn." />
    <text name="Manufacturer_Name" originx="0" originy="0" style="Default" rotation="0" justify="" flipped="False" hidden="True" data="LEM" />
    <text name="Manufacturer_Part_Number" originx="2350" originy="200" style="Default" rotation="0" justify="left" flipped="False" hidden="False" data="HX10-P/SP2" />
    <text name="Mouser Part Number" originx="0" originy="0" style="Default" rotation="0" justify="" flipped="False" hidden="True" data="" />
    <text name="Mouser Price/Stock" originx="0" originy="0" style="Default" rotation="0" justify="" flipped="False" hidden="True" data="" />
    <text name="Arrow Part Number" originx="0" originy="0" style="Default" rotation="0" justify="" flipped="False" hidden="True" data="" />
    <text name="Arrow Price/Stock" originx="0" originy="0" style="Default" rotation="0" justify="" flipped="False" hidden="True" data="" />
  </component>
</quadcept_library>
